cluster1,cluster2,cluster12
0.999940919295758,0.0,0.02
5.9080704241994565e-05,1.0,0.98
