cluster1,cluster2,cluster12
0.7100909842845327,0.6586497890295359,0.69
0.2869718607045796,0.32489451476793246,0.31
0.00293715501088773,0.016455696202531647,0.0
