score,y
0.00739186781430143,0
0.012196014032515586,0
0.02154739637534456,0
0.027242317963163305,0
0.04964880504702556,1
0.008941191137359666,1
0.02023626274754221,1
0.015261686460058599,1
