score,y
0.005020855775043229,0
0.005287965393405412,0
0.009833690434619942,0
0.013651014685892079,0
0.0073869453621822866,1
0.021147935226100974,1
0.01676874764899173,1
0.026684311099235473,1
