cluster1,cluster2,cluster12
0.99607965152458,0.9872755795712045,0.9727272727272728
0.003831451684594186,0.012550113299633955,0.02727272727272727
8.889679082585119e-05,0.0001743071291615827,0.0
