cluster1,cluster2,cluster12
0.7138056716152547,0.6377897856022311,0.7181818181818181
0.28357187305538273,0.3536691650688513,0.2636363636363636
0.00262245532936261,0.008541049328917553,0.01818181818181818
