cluster1,cluster2,cluster12
0.8893146057427327,0.0,0.02727272727272727
0.11065872522001956,0.0,0.0
1.777935816517024e-05,1.0,0.9727272727272728
8.88967908258512e-06,0.0,0.0
